Товары и корма для рыб;4
Аксессуары;0;4
Корм Sera;1;4
Корм Tetra;2;4
Корма разные;3;4
Оборудование;4;4
Уход за водой;5;4
Уход за растениями;6;4
Уход за рыбами;7;4
Товары и корма для грызунов;3
Витамины;0;3
Когтерез;1;3
Гамак,Тоннель;2;3
Домики;3;3
Игрушки;4;3
Расчестки;5;3
Клетки;6;3
Колеса;7;3
Корм;8;3
Кормушки;9;3
Купалки;10;3
Лакомства;11;3
Миски;12;3
Наполнители;13;3
Переноски;14;3
Подкормки;15;3
Поилки;16;3
Средства по уходу;17;3
Туалет;18;3
Шлейки;19;3
Товары и корма для хорьков;6
Аксессуары;0;6
Клетки;1;6
Корм;2;6
Шампуни;3;6
Товары и корма для рептилий;5
Корм;0;5
Средства по уходу;1;5
Террариумы;2;5
Товары и корма для птиц;2
Подвески;0;2
Витамины;1;2
Гнездo;2;2
Жердочки;3;2
Зеркала;4;2
Игрушки;5;2
Качели;6;2
Клетки;7;2
Корм;8;2
Кормушки;9;2
Купалки;10;2
Лакомства;11;2
Лестницы;12;2
Переноски;13;2
Песок,камни;14;2
Подкормки;15;2
Поилки;16;2
Товары и корма для собак;0
Корм сухой;0;0
Корм влажный;1;0
Корм лечебный;2;0
Лакомства;3;0
Аксессуары;4;0
Витамины;5;0
Игрушки;6;0
Косточки;7;0
Предметы гигиены;8;0
Предметы по уходу;9;0
Средства от паразитов;10;0
Средства по уходу;11;0
Товары и корма для кошек;1
Корм сухой;0;1
Корм влажный;1;1
Корм лечебный;2;1
Наполнитель;3;1
Лакомства;4;1
Автокормушки;5;1
Аксессуары;6;1
Витамины;7;1
Домики;8;1
Игрушки;9;1
Когтеточки;10;1
Лежанки;11;1
Миски;12;1
Переноски;13;1
Предметы по уходу;14;1
Средства от паразитов;15;1
Средства по уходу;16;1
Тонель;17;1
Туалеты, совки;18;1
Шлейки;19;1
